album,artist,sentiment
Entre a Mi Mundo,Selena,0.23819323593054464
It's a Beautiful Thing,Keith Murray,0.4483018975440191
Gothic,Paradise Lost,0.3780614280015948
Beaucoup Fish,Underworld,0.5572895891503786
Longing in Their Hearts,Bonnie Raitt,0.5503010783779206
Happy Town,Jill Sobule,0.5878895614019869
Trashed,Lagwagon,0.5487073961149126
Enlightenment,Van Morrison,0.6191767528532047
Washing Machine,Sonic Youth,0.4866122430011496
Parallels,Fates Warning,0.45262761474575075
Red Moon,The Call,0.4887208672858849
Hoist,Phish,0.44334529982715015
Holy Smoke,Peter Murphy,0.43227629304613746
Down To Earth,Monie Love,0.5398981443507466
Clockseed,Vampire Rodents,0.46955083144245185
Weird Tales,Golden Smog,0.5521296275939173
Blaze of Glory,Jon Bon Jovi,0.4798158168433621
There Is No-One What Will Take Care of You,Palace Brothers,0.4529537014668783
How to Measure a Planet?,The Gathering,0.5620878988496635
Dookie,Green Day,0.42456457040928774
Chaos and Disorder,Prince,0.5917652794397897
Blessed Are the Sick,Morbid Angel,0.4469684882329472
Soul of a Woman,Kelly Price,0.46571767193451175
Pucker!,The Selecter,0.3989351554777054
Interstate 8,Modest Mouse,0.603885409513157
Foundation,Brand Nubian,0.4554723284869476
Seamonsters,The Wedding Present,0.4778303290469221
Days Like This,Van Morrison,0.4319049518491076
In a Reverie,Lacuna Coil,0.5211355049714613
Red Voodoo,Sammy Hagar,0.6557587906404435
Ladies and Gentlemen We Are Floating in Space,Spiritualized,0.35789713613911106
Labour of Love III,UB40,0.7213692073154065
Shooting Straight in the Dark,Mary Chapin Carpenter,0.49895728202643314
Strictly 4 My N.I.G.G.A.Z.,2Pac,0.3465556604110113
Lemonade and Brownies,Sugar Ray,0.35101715197447075
"HIStory: Past, Present and Future, Book I",Michael Jackson,0.48080938589341143
Manscape,Wire,0.45252569912678225
Diva,Annie Lennox,0.5291856486049582
A Cheap and Evil Girl,Bree Sharp,0.6438401922469836
It's Great When You're Straight... Yeah,Black Grape,0.515259303719544
In Reverse,Matthew Sweet,0.523834996114924
Hooked,Great White,0.6011302244927587
High-Tech Redneck,George Jones,0.6057439170323091
Greed Killing,Napalm Death,0.2512314800854254
A Love Like Ours,Barbra Streisand,0.6714575931577622
gloria!,Gloria Estefan,0.3307220984251614
Enter the Dru,Dru Hill,0.5334675312226531
Naveed,Our Lady Peace,0.41814799748822046
Hey! Album,Marvelous 3,0.4712220747892291
A Medio Vivir,Ricky Martin,0.15719934799844332
Nimrod,Green Day,0.4866176985808555
Hymns to the Silence,Van Morrison,0.5005676413733843
Infinity Within,Deee-Lite,0.5057465394473322
18 til I Die,Bryan Adams,0.575144716744335
Give It Back!,The Brian Jonestown Massacre,0.6220089631385054
Something's Gotta Give,Agnostic Front,0.5175370146110168
Stigmata,Arch Enemy,0.5264382535916969
Harvest Moon,Neil Young,0.6170448458601622
Bring It On,Gomez,0.49910251296370123
Gorgeous,808 State,0.8236936577582762
Turbulent Indigo,Joni Mitchell,0.37252535007242804
American Recordings,Johnny Cash,0.4015745810719877
The In Sound from Way Out!,Beastie Boys,0.9999999999999991
Oceanborn,Nightwish,0.46789406328945576
Medusa,Annie Lennox,0.5253766676732473
Bennett Sings Ellington: Hot & Cool,Tony Bennett,0.3553562220903415
Wonderful,Adam Ant,0.6409400038683866
Love's Secret Domain,Coil,0.39777713311817764
Warm Your Heart,Aaron Neville,0.5615812566917887
Let Them Eat Pussy,Nashville Pussy,0.3516884430910514
In the Blood,Londonbeat,0.41458484145626734
Beneath the Surface,GZA,0.3959369904617944
Last Rights,Skinny Puppy,0.3042730355005981
The Avenger,Amon Amarth,0.39499086767577035
Halim,Natacha Atlas,0.17353060913976875
Sweet Oblivion,Screaming Trees,0.4439408366251907
Traces of My Lipstick,Xscape,0.6174026533238307
Chaosphere,Meshuggah,0.41681862214371135
To The Extreme,Vanilla Ice,0.47968314980680354
Let Me Come Over,Buffalo Tom,0.37966634599591637
Get What You Deserve,Sodom,0.4887015386045282
The Villain in Black,MC Ren,0.3173529212544497
The Untouchable,Scarface,0.3155514335644948
Infrared Riding Hood,Tad,0.341500320840776
Triptych,The Tea Party,0.4651009431655878
Fear of a Black Planet,Public Enemy,0.4428258528904353
Throwing Copper,Live,0.5058564643533421
Pottymouth,Bratmobile,0.5380208144468205
Dummy,Portishead,0.484852801765446
When I Woke,Rusted Root,0.5850620009174999
Daredevil,Fu Manchu,0.4766368454042962
The Dirt Road,Sawyer Brown,0.5685093060186189
Drunk on the Moon,No Knife,0.4206345688861309
Excerpts from a Love Circus,Lisa Germano,0.48491760758318847
Magnolia,Aimee Mann,0.34830964918340346
Kamakiriad,Donald Fagen,0.49851216593537995
The Process,Skinny Puppy,0.3437928256327822
New Moon Daughter,Cassandra Wilson,0.5331296759317806
Endless Nameless,The Wildhearts,0.6037142693066411
Storm of the Light's Bane,Dissection,0.39130619450723103
Juxtapose,Tricky,0.5388173302839816
Sudden Stop,Colin James,0.6752151567234776
None So Vile,Cryptopsy,0.4386083410893932
Brigade,Heart,0.5339061769107772
The First Session,Hole,0.45703236611247344
High on the Hog,The Band,0.5446593160549634
Flesh & Blood,Poison,0.4820035814612697
Set the Twilight Reeling,Lou Reed,0.4851280699754964
The Way to Salvation,King Missile,0.5258890999241853
In an Expression of the Inexpressible,Blonde Redhead,0.6326742951062326
Rumor Has It,Reba McEntire,0.5187703937172634
Human Being,Seal,0.46844502060896104
Tonight,Silk,0.5429775531465486
The Globe Sessions,Sheryl Crow,0.48286716171266214
Yes I Am,Melissa Etheridge,0.5802509158102894
N.O.R.E.,Noreaga,0.4227980039057855
San Francisco Days,Chris Isaak,0.6341703694770917
Right in the Middle of It,Chely Wright,0.5546037292763357
The Memory of Trees,Enya,0.49513245266195804
Outland,Gary Numan,0.4857374557849582
Horkstow Grange,Steeleye Span,0.44738140613689065
Lucacentric,Lucas,0.5320163450173611
Dance Naked,John Mellencamp,0.42964977251513
Finally,Blackstreet,0.6027255224981406
Jungle Fever,Stevie Wonder,0.5553109786468289
Precious Falling,Quickspace,0.508143513950412
Sisters of Avalon,Cyndi Lauper,0.5419735538613936
So Much for the Afterglow,Everclear,0.5590730136409005
Something To Write Home About,The Get Up Kids,0.45859488169966134
Herzeleid,Rammstein,0.08376545672118074
Welcome to Sky Valley,Kyuss,0.49824301479666433
Kizz My Black Azz,MC Ren,0.32594650791208946
Mutations,Beck,0.39118880926509203
Où est la Rock?,Fireball Ministry,0.3730473592858914
Such Friends Are Dangerous,Excuse 17,0.47133163094995584
Candyass,Orgy,0.5140278648356028
Dosage,Collective Soul,0.431414262287816
Ledbetter Heights,Kenny Wayne Shepherd,0.5446717242838256
Domination,Morbid Angel,0.3118345555521461
Under the Table and Dreaming,Dave Matthews Band,0.5110509744827766
Facing the Animal,Yngwie Malmsteen,0.494317177725154
Cheapness and Beauty,Boy George,0.3277479545821316
A Guided Tour of Chicago,The Lawrence Arms,0.4435734449977822
How I Learned to Love the Bootboys,The Auteurs,0.4852037823505941
Whitey Ford Sings the Blues,Everlast,0.37798634411882
Inquisition Symphony,Apocalyptica,0.9999999999999991
Trompe le Monde,Pixies,0.44166914649563205
Songs of Love and Hate,Godflesh,0.4914240127642597
The A Files,Sham 69,0.25740719818804064
10 Song Demo,Rosanne Cash,0.5286175271739124
Between the Bridges,Sloan,0.4777031238937897
Heavy Petting,Bad Manners,0.537368700970615
The Skills Dat Pay Da Bills,Positive K,0.44786866436897943
Dare Iz a Darkside,Redman,0.4437337360153474
God Save the Smithereens,The Smithereens,0.47317336020545936
Let's Get Killed,David Holmes,0.7199840446749096
Ghetto Fabulous,Mystikal,0.34330048703137367
A2G,Blackalicious,0.48099021370300105
By Your Side,The Black Crowes,0.4813058647055841
94 Diskont,Oval,0.9999999999999991
Edutainment,Boogie Down Productions,0.4535593843002872
Dreamland,Robert Miles,0.9999999999999991
Glow,The Innocence Mission,0.5232848025528516
Rhythmeen,ZZ Top,0.5361875637104989
Everyone's Got One,Echobelly,0.334759782435769
The Natural Bridge,Silver Jews,0.46071001196649347
Red Medicine,Fugazi,0.3914033808783681
Return of the Funky Man,Lord Finesse,0.46798711506940166
Days of Open Hand,Suzanne Vega,0.45053865911848473
Internal Affairs,Pharoahe Monch,0.3642423814598438
Babe Rainbow,The House of Love,0.4169215086646268
Rust in Peace,Megadeth,0.5212135946357498
The Gift of Game,Crazy Town,0.4335181164869511
Guitar Slinger,The Brian Setzer Orchestra,0.4910860849674529
Funky Divas,En Vogue,0.49541796521807346
Faith,Faith Hill,0.708763004570808
Brave Murder Day,Katatonia,0.41604796891284984
Vigil in a Wilderness of Mirrors,Fish,0.4598452486057562
Business as Usual,EPMD,0.4153310600808022
Ambushed,Da Bush Babees,0.39695967396159637
Youthanasia,Megadeth,0.45401283186738095
Legal Drug Money,Lost Boyz,0.45288271703583266
Calling Rastafari,Burning Spear,0.5507539179107159
Smeared,Sloan,0.5155684302532135
I Hear Black,Overkill,0.47382081943607507
The Troubleshooters,Funkdoobiest,0.5029324419814427
Kerplunk,Green Day,0.5089153488272922
When You're a Boy,Susanna Hoffs,0.6129864769811714
The Ladder,Yes,0.5589245634611143
No. 4,Stone Temple Pilots,0.45259992022337453
Permutation,Amon Tobin,0.9999999999999991
Emergency on Planet Earth,Jamiroquai,0.48029586422087334
"Transnational Speedway League: Anthems, Anecdotes, and Undeniable Truths",Clutch,0.3093983188535513
Ocean Beach,Red House Painters,0.6762570420799283
Legendary Tales,Rhapsody,0.5496292200021755
So Close,Dina Carroll,0.47365421931374047
Diary of a Mad Band,Jodeci,0.503710886114623
Home Alone,John Williams,0.9999999999999991
None,Meshuggah,0.4733570430276141
Roman Candle,Elliott Smith,0.38708294300388857
Amazing Disgrace,The Posies,0.473635771060542
My Romance,Carly Simon,0.5823439268008751
King of the Jews,Oxbow,0.431007005270036
Behind the Mask,Fleetwood Mac,0.5356804483791158
As Good as Dead,Local H,0.5173011630426926
Hold Me Thrill Me Kiss Me,Gloria Estefan,0.6960548998449805
Mercury Falling,Sting,0.41387159431851595
"The Pick, the Sickle and the Shovel",Gravediggaz,0.38565070719218164
Conversation Peace,Stevie Wonder,0.6044682033164277
My Way,Usher,0.5670423971181844
Fumbling Towards Ecstasy,Sarah McLachlan,0.4514452865310457
Savoir aimer,Florent Pagny,0.25723268964546275
Archaeology,The Rutles,0.5762721522593873
Dilate,Ani DiFranco,0.5449347886523789
Lights...Camera...Revolution!,Suicidal Tendencies,0.3963577274704564
Sonic Origami,Uriah Heep,0.5563184648819599
Copper Blue,Sugar,0.48600887212773897
Essex,Alison Moyet,0.4978417573650914
Blue Planet,Donna Lewis,0.5554985514244317
Derelicts of Dialect,3rd Bass,0.4626639611984982
Late Night Grande Hotel,Nanci Griffith,0.456428761034938
Everything Changes,Take That,0.5813157808591864
Deflowered,Pansy Division,0.5083867082995633
The Restless Kind,Travis Tritt,0.5770721978460307
www.thug.com,Trick Daddy,0.32994704929594476
At Action Park,Shellac,0.47808404508612956
Metropolis,Sister Machine Gun,0.47276966598786513
"Hitler Bad, Vandals Good",The Vandals,0.6166421961769452
Your Little Secret,Melissa Etheridge,0.45137614678899063
Geek the Girl,Lisa Germano,0.49573474971833187
Midnite Lover,Shaggy,0.6239127565119817
Da Bomb,Kris Kross,0.3767923643000699
Cutterpillow,Eraserheads,0.41879404334529946
"Everybody Else Is Doing It, So Why Can't We?",The Cranberries,0.45770304685342544
A.K.A. I-D-I-O-T,The Hives,0.532724511718066
Evita,Madonna,0.8955989894960773
Aglio e Olio,Beastie Boys,0.597693125914106
Pygmalion,Slowdive,0.938870031835388
Exit the Dragon,Urge Overkill,0.36008131207514354
On Avery Island,Neutral Milk Hotel,0.4550850837992597
Fantasma,Cornelius,0.5162448370369419
Severe Tire Damage,They Might Be Giants,0.46231566841270777
Silver Session for Jason Knuth,Sonic Youth,0.9999999999999991
Into the Great Wide Open,Tom Petty and the Heartbreakers,0.5380486260888386
Brand New Day,Sting,0.5470204089705848
Gold Afternoon Fix,The Church,0.45060004173743917
Charmed Life,Billy Idol,0.4680470440342792
II,Boyz II Men,0.5989016065750353
Manic Compression,Quicksand,0.5064917330573492
This Is Hardcore,Pulp,0.5002986561485697
Grassroots,311,0.4251778867966941
"Good Side, Bad Side",Crucial Conflict,0.4108369676687753
The Light User Syndrome,The Fall,0.2850518548065415
Flowers,Ace of Base,0.24265475199791964
Fireball Zone,Ric Ocasek,0.46846273058387333
Put it in Your Mouth,Akinyele,0.44209381433848527
Bossalinie,C-Murder,0.31701035266391725
A Small Deadly Space,Fight,0.6720275427384876
Happy Pills,Candlebox,0.5217328783481481
Occupational Hazard,Unsane,0.4577748342377188
The Final Experiment,Ayreon,0.42470890424010166
Unreal World,The Godfathers,0.4633355717913884
The Sweet Keeper,Tanita Tikaram,0.49683033429145096
Ah Via Musicom,Eric Johnson,0.5435548237446993
Slavestate,Godflesh,0.5218629217501332
Dile al sol,La Oreja de Van Gogh,0.13641802951735088
RVS III,Ricky Van Shelton,0.5993792544274718
Handful of Rain,Savatage,0.4025638165742551
Pandemonium,The Time,0.4716117287153793
The Legend of Chin,Switchfoot,0.49173647121393366
Ten Summoner's Tales,Sting,0.5851615476665328
The Golden Age,Cracker,0.49763691965526796
Funkdafied,Da Brat,0.392497573318313
My Iron Lung,Radiohead,0.46323540838897775
The Word as Law,Neurosis,0.3859400574941882
From the Bottom Up,Brownstone,0.5693623072787491
The Marshall Suite,The Fall,0.4398711644777793
Pure Pleasure,Shaggy,0.6536177047017869
The 18th Letter,Rakim,0.44339965742978416
National Steel,Colin James,0.42862485041882714
Happy Hour,King Missile,0.48570589176652673
Earthling,David Bowie,0.40668064902144924
Under the Running Board,The Dillinger Escape Plan,0.3692804426213564
The Gang's All Here,Dropkick Murphys,0.37283605903470257
Affliction,Econoline Crush,0.3294196539544342
Rid of Me,PJ Harvey,0.3777589950710356
Take Me Higher,Diana Ross,0.5323213766299961
Perversion,Gravity Kills,0.49953889110490557
Rusty,Slick Shoes,0.44181181580463524
The Bridge,Ace of Base,0.8020691001366377
Stones in the Road,Mary Chapin Carpenter,0.5280625569161058
"If Looks Could Kill, I'd Watch You Die",Death By Stereo,0.46919093827004044
Mi Tierra,Gloria Estefan,0.2211717638373748
Time After Time,Etta James,0.6163164192891478
I Can Hear the Heart Beating as One,Yo La Tengo,0.4578854005532476
Spilt Milk,Jellyfish,0.5501076984443553
Nothin' but the Taillights,Clint Black,0.5248417943272343
The Battle Rages On...,Deep Purple,0.4863493329787701
Higher Ground,Barbra Streisand,0.6004342071056754
Try Anything Once,Alan Parsons,0.4728094668262196
Do You Want More?!!!??!,The Roots,0.46544782522605693
Edge of the Century,Styx,0.5338993674853265
Still Feel Gone,Uncle Tupelo,0.41585107832731644
Effigy of the Forgotten,Suffocation,0.3417320391791868
Washed Up!,Catch 22,0.42216774848605676
Step Inside This House,Lyle Lovett,0.49003077681061474
Represent,Fat Joe,0.2642778438194836
Heaven or Las Vegas,Cocteau Twins,0.6152422506082482
Creep wit' Me,Ill Al Skratch,0.4119541683964013
Still in the Game,Keith Sweat,0.5468776898368776
THRAK,King Crimson,0.6214599122457113
I Am Not a Doctor,Moloko,0.48752746042424444
Thinkin' About You,Trisha Yearwood,0.5782703167971777
Beach House on the Moon,Jimmy Buffett,0.3266578218668883
Hidden Stash,Kottonmouth Kings,0.4081626537514655
El Corazón,Steve Earle,0.3904982425515173
Mirror Blue,Richard Thompson,0.4922699200858282
Ask the Ages,Sonny Sharrock,0.9999999999999991
Nihil,KMFDM,0.3967976171908963
Dust,Screaming Trees,0.44900086210224205
America's Least Wanted,Ugly Kid Joe,0.33215473495404924
Every Good Boy Deserves Fudge,Mudhoney,0.37682858041536543
Fuse,Joe Henry,0.5454844901175658
William Bloke,Billy Bragg,0.6168202716604032
Adrenalize,Def Leppard,0.6214756258234511
Irresistible Bliss,Soul Coughing,0.4972338322262878
The Sky Moves Sideways,Porcupine Tree,0.47459240111938483
Onka's Big Moka,Toploader,0.5847643619142993
Distant Horizons,Hawkwind,0.25749339757176626
Mad Mad World,Tom Cochrane,0.45698260515377165
White on Blonde,Texas,0.44504665287709844
Heavy as a Really Heavy Thing,Strapping Young Lad,0.42203142675917266
A New Kind of Army,Anti-Flag,0.4169468345774685
Sixteen Stone,Bush,0.4725489606697982
Tonight the Stars Revolt!,Powerman 5000,0.45741641480140816
Flood,They Might Be Giants,0.45343741336574295
Mane Attraction,White Lion,0.5145755150883646
Wildest Dreams,Tina Turner,0.5780315117670519
American Thighs,Veruca Salt,0.3037874902653518
Alabama Song,Allison Moorer,0.5431422451917235
The Distance to Here,Live,0.6518520343809522
Thicker Than Water,H2O,0.4334766357901575
Through the Fire,Peabo Bryson,0.5915481035901142
Flesh And Bone,Richard Marx,0.580211770678464
Hollywood Town Hall,The Jayhawks,0.4511411214068231
Cowgirl's Prayer,Emmylou Harris,0.48600245842253853
"Songs and Music from ""She's the One""",Tom Petty and the Heartbreakers,0.555789244660405
Feeling Strangely Fine,Semisonic,0.6097002104181994
Lie to Me,Jonny Lang,0.39449541284403644
Rumor and Sigh,Richard Thompson,0.6020722334605951
Up in It,The Afghan Whigs,0.4807859910060048
Voyager,Mike Oldfield,0.9999999999999991
Mostasteless,Twiztid,0.3916304662037501
Mamouna,Bryan Ferry,0.5618605566750747
Heartbreak Station,Cinderella,0.4396223906395419
The Force Behind the Power,Diana Ross,0.6032321620674221
"Reading, Writing, and Arithmetic",The Sundays,0.5192571388347917
Forever with You,Phyllis Hyman,0.5688935112120841
www.pitchshifter.com,Pitchshifter,0.6194384536856106
Tomorrow Hit Today,Mudhoney,0.6708347063006189
What a Crying Shame,The Mavericks,0.6217457261400351
No Depression,Uncle Tupelo,0.4321090065269131
5150: Home 4 tha Sick,Eazy-E,0.46969105062525884
Friendly People,Guttermouth,0.42104563362934655
D.I. Go Pop,Disco Inferno,0.45928542936919403
One in a Million,Aaliyah,0.6558346307757627
Snowed In,Hanson,0.5989658988960594
The Mollusk,Ween,0.49321782051192303
"G-Funk Classics, Vols. 1 & 2",Nate Dogg,0.47566812923813306
Inner Child,Shanice,0.6342876649501239
14 Songs,Paul Westerberg,0.4531082602221626
The Sky Is Too High,Graham Coxon,0.6476923437903276
"Le Roi Est Mort, Vive Le Roi!",Enigma,0.6091443956920617
Mingus Plays Piano,Charles Mingus,0.5444633813201817
Hard to Earn,Gang Starr,0.42597272140623954
Bone Machine,Tom Waits,0.4394403634425376
Winter Light,Linda Ronstadt,0.606592925576176
Middle of Nowhere,Hanson,0.4296426147138892
I Feel Alright,Steve Earle,0.4722554624828244
A Long Way Home,Dwight Yoakam,0.41768453734947564
Liberate Te Ex Inferis,Zao,0.4936352968968437
Why Do Birds Sing?,Violent Femmes,0.7943659393043735
Call the Doctor,Sleater-Kinney,0.4953484351464619
Word Gets Around,Stereophonics,0.5541634714312836
The Burning Red,Machine Head,0.29966548210465227
The Black Light,Calexico,0.9999999999999991
Nevermind,Nirvana,0.4437936522834098
Different World,Uriah Heep,0.4741476553821342
Return to Paradise,Styx,0.5800191000468393
Adios,KMFDM,0.33564324974816306
Laughing Stock,Talk Talk,0.49777492585976607
For My Broken Heart,Reba McEntire,0.4231306735440049
Hidden Treasures,Megadeth,0.3759821124704036
Homebrew,Neneh Cherry,0.5793562884481214
Lost Paradise,Paradise Lost,0.3717074097289491
Repeater,Fugazi,0.43186934600255095
Slush,OP8,0.47597134527388313
All Hallow's EP,AFI,0.4955564419625045
Willis,The Pietasters,0.5457398819983574
Hot Boxing,Magnapop,0.4512641598828445
Bloodline,Recoil,0.38114263668286186
Hell's Ditch,The Pogues,0.531783045387606
Get Some,Snot,0.4115898370135756
The Book of Secrets,Loreena McKennitt,0.5316590183001609
Extricate,The Fall,0.5211658497758781
Oolooloo,The Pietasters,0.43454079871695955
...And Out Come the Wolves,Rancid,0.46661846828879094
Demanufacture,Fear Factory,0.39232469527312425
The Three Pyramids Club,Suggs,0.479930446247512
Rubbing Doesn't Help,Magnapop,0.4459486770376277
Utd. State 90,808 State,1.0
Refugees of the Heart,Steve Winwood,0.3248916279450649
In the Aeroplane Over the Sea,Neutral Milk Hotel,0.601888253745543
Off the Ground,Paul McCartney,0.5636486423147078
Lovelyville,Thinking Fellers Union Local 282,0.4452445433487988
Redneck Wonderland,Midnight Oil,0.5300605459185821
Beaster,Sugar,0.4635137892969448
Enta da Stage,Black Moon,0.27571518550056495
Postcards from Heaven,Lighthouse Family,0.6439819252362035
Shut 'Em Down,Onyx,0.36505684018914236
Whirlpool,Chapterhouse,0.5412084259312018
Mind Blowin,Vanilla Ice,0.44901224927011896
Nada Es Igual,Luis Miguel,0.26196852893530764
Generation Terrorists,Manic Street Preachers,0.4531952244944099
Dig Your Own Hole,The Chemical Brothers,0.3905860742944658
Slightly Odway,Jebediah,0.5436138418339976
Adore,The Smashing Pumpkins,0.5523160449071949
Same Old Tunes,Millencolin,0.46087401060164046
Songs for a Blue Guitar,Red House Painters,0.44871858795372865
Only Heaven,The Young Gods,0.5116707701195267
Dig Me Out,Sleater-Kinney,0.4589936909049023
Full Circle,Pennywise,0.4536927039073198
The Simpsons Sing the Blues,The Simpsons,0.41674056443610724
Kill My Landlord,The Coup,0.42003498077104184
Stay Sick!,The Cramps,0.5039192586339635
Left Hand Path,Entombed,0.3304387384744202
Everything Is Healing Nicely,Frank Zappa,0.9999999999999991
Trouble at the Henhouse,The Tragically Hip,0.5089076900468162
Taming the Tiger,Joni Mitchell,0.52757877941763
Somewhere Between Heaven and Hell,Social Distortion,0.448870480949081
Resident Alien,Spacehog,0.5344129769977395
No Need to Argue,The Cranberries,0.5064252094136416
Affirmation,Savage Garden,0.471709516384426
Grand Prix,Teenage Fanclub,0.4567211806940559
Myra Lee,Cat Power,0.46102192057727087
Acid Eaters,Ramones,0.5351504675796653
Superjudge,Monster Magnet,0.5410369483963415
Peep This,Jamie Foxx,0.6235341045073789
Guilty 'til Proved Innocent!,The Specials,0.3732405249075406
When Forever Comes Crashing,Converge,0.49462728849018617
Blue Clear Sky,George Strait,0.5386349414300505
The Winding Sheet,Mark Lanegan,0.4828386514517858
Tuesday Night Music Club,Sheryl Crow,0.4845926673453125
Blue Sky on Mars,Matthew Sweet,0.5016370270624795
Manners & Physique,Adam Ant,0.5133056014587727
The Future,Leonard Cohen,0.46184018082701767
Magnified,Failure,0.41372765181376575
Something to Remember Me By,Ben Lee,0.41804764840265374
Aces,Suzy Bogguss,0.529915786359989
Zygote,John Popper,0.5090185171489426
Maladjusted,Morrissey,0.4780739643284517
The Yellow Shark,Frank Zappa,0.9999999999999991
Niandra Lades and Usually Just a T-Shirt,John Frusciante,0.7362370437402135
Vivir,Enrique Iglesias,0.16714989075365072
Spartacus,The Farm,0.8464918916688444
Tomb of the Mutilated,Cannibal Corpse,0.4382479058635814
Ultraphobic,Warrant,0.43232490692727005
Music Has the Right to Children,Boards of Canada,0.44450538492221703
Boogaloo,Nazareth,0.47979836025691525
Somber Eyes to the Sky,Shadows Fall,0.3521311060737248
Bitter,Meshell Ndegeocello,0.5577350243961453
Pies Descalzos,Shakira,0.17935476031350628
Charlie Parker with Strings,Charlie Parker,0.48046279665491515
Pull,Winger,0.48404467491025094
The Science of Things,Bush,0.7555536389999883
The Resurrection,Geto Boys,0.11611375075583402
The Curtain Hits the Cast,Low,0.46729474930511944
Uncle Anesthesia,Screaming Trees,0.4358288826683515
Ocean Drive,Lighthouse Family,0.4824242122058234
Gettin' High on Your Own Supply,Apollo 440,0.33944356550721594
International Pop Overthrow,Material Issue,0.5150806851328401
Celebrity Skin,Hole,0.542374544991301
Sex and Violence,Boogie Down Productions,0.40358448399276514
Duets,Elton John,0.5072653712462246
Spirit,Jewel,0.4774954801879406
Joshua Judges Ruth,Lyle Lovett,0.5535315133797868
The Inevitable,Squirrel Nut Zippers,0.534897740871015
Slinky,Milltown Brothers,0.45652946942359796
The Doctor Came at Dawn,Smog,0.46310331072995653
This Is Our Music,Galaxie 500,0.5302967782163959
American Teenage Rock 'n' Roll Machine,The Donnas,0.5578760423195998
Be Good at It,Neal McCoy,0.6360495696794728
Face the Heat,Scorpions,0.517704137613495
Smitten,Buffalo Tom,0.48483568043376823
Peloton,The Delgados,0.4726177611777927
Polythene,Feeder,0.489025465538597
Sumerian Cry,Tiamat,0.3210091270668858
Welcome to the Beautiful South,The Beautiful South,0.4833912484396781
Spine of God,Monster Magnet,0.528596121336448
Steptacular,Steps,0.4266236356383936
Rusty,Rodan,0.44421918490674406
Yield,Pearl Jam,0.41292452880812625
Between 10th & 11th,The Charlatans,0.4438276023481278
Total Death,Darkthrone,0.37516529475045546
Hammerheart,Bathory,0.5171825035152964
Unification,Iron Savior,0.412581568145987
Boheme,Deep Forest,0.48121074943646114
Anodyne,Uncle Tupelo,0.44624968786584457
Jade to the Max,Jade,0.7456626979512704
"White Light, White Heat, White Trash",Social Distortion,0.4845561678999477
Secret Samadhi,Live,0.4535119018346794
Here to Save You All,Chino XL,0.4736682088453807
Twenty-Eight Teeth,Buck-O-Nine,0.4940774526976637
Pork Soda,Primus,0.5045417624839308
One Track Mind,Railroad Jerk,0.34089109317440636
Raise,Swervedriver,0.40031813361611773
Jubilation,The Band,0.4629684965719677
Midnight Marauders,A Tribe Called Quest,0.49863740779317084
Red Apple Falls,Smog,0.5315242321499792
Adrenaline,Deftones,0.5188319331638279
John Henry,They Might Be Giants,0.5924334939093607
Ixnay on the Hombre,The Offspring,0.44128873610818486
This Is Me,Randy Travis,0.47544769382570823
Train a Comin',Steve Earle,0.41720803372179516
Whereabouts,Ron Sexsmith,0.5147070827166554
Take Me as I Am,Faith Hill,0.4425860019130897
Reject All American,Bikini Kill,0.4607100119664926
Nomads Indians Saints,Indigo Girls,0.542895870942803
Coolin' at the Playground Ya Know!,Another Bad Creation,0.5046517596198691
Yesterday Went Too Soon,Feeder,0.6010408211094533
Woke up with a Monster,Cheap Trick,0.46297534139903074
Letting Off the Happiness,Bright Eyes,0.454977625149581
Freak*on*ica,Girls Against Boys,0.46744339729354806
Perfect Teeth,Unrest,0.4281432549608748
Innuendo,Queen,0.3997518060541587
Phoenix Rising,The Temptations,0.617449355312749
Goldfly,Guster,0.40428111331938665
Autobiography of Mistachuck,Chuck D,0.11629016578739398
Inside the Torn Apart,Napalm Death,0.40941579792796445
Straight on Till Morning,Blues Traveler,0.5198370622862036
Supermodel of the World,RuPaul,0.649221098015235
Chamber Music,Coal Chamber,0.3680341659893648
Miles from Our Home,Cowboy Junkies,0.5516137423908702
Doubt,Jesus Jones,0.520049280733159
Selected Ambient Works 85-92,Aphex Twin,0.9999999999999991
Act Like You Know,MC Lyte,0.4347381617186161
Woman's Gotta Have It,Cornershop,0.5434582111885653
God's Great Banana Skin,Chris Rea,0.4314696627221555
One Foot In The Grave,Beck,0.39945349283687864
Second Coming,The Stone Roses,0.5368709216261645
A Social Grace,Psychotic Waltz,0.48007726018155844
The Downward Spiral,Nine Inch Nails,0.3903119266055042
Curb,Nickelback,0.43176970096378287
The It Girl,Sleeper,0.5065459570345879
Desireless,Eagle-Eye Cherry,0.42738151358015664
Livin' It Up,George Strait,0.5167387053953841
Viva Last Blues,Palace Music,0.42107305025380903
All the Pain Money Can Buy,Fastball,0.46208183224537386
Heavy Mental,Killah Priest,0.4691332867006197
Above,Mad Season,0.19523515973456124
Anything Is Possible,Debbie Gibson,0.47444387441446945
Scraps at Midnight,Mark Lanegan,0.4377457404980332
Better Living Through Chemistry,Fatboy Slim,0.4586358197048255
East Side Militia,Chemlab,0.4196410051854803
Teatro,Willie Nelson,0.5559467453394639
Innamorata,Pat Benatar,0.598222477064219
Live from a Shark Cage,Papa M,0.9999999999999991
Dance of December Souls,Katatonia,0.5363071450253754
Last Splash,The Breeders,0.5204106761936145
1999,Cassius,0.5382565181129193
Come My Fanatics...,Electric Wizard,0.48665996080539675
Indoor Living,Superchunk,0.41274431591543637
Love Scenes,Diana Krall,0.579283270001889
Reload,Tom Jones,0.5214079149809107
Something About Airplanes,Death Cab for Cutie,0.4595960939000426
A Little Ain't Enough,David Lee Roth,0.5120844197554744
Kiko,Los Lobos,0.46179164596797617
Paid Vacation,Richard Marx,0.48230727159828707
"Riot, Riot, Upstart",Agnostic Front,0.46520826024480827
Manilow Sings Sinatra,Barry Manilow,0.646564223349225
Hit to Death in the Future Head,The Flaming Lips,0.6448731430781687
Singin' with the Big Bands,Barry Manilow,0.7423740657940698
Follow The Leader,Korn,0.48368409512966315
Be Here Now,Oasis,0.49959303980008574
Guilty 'til Proven Innocent,Prime Suspects,0.4181540196396409
Incesticide,Nirvana,0.619867981390256
How I Feel,Terri Clark,0.5211230588251199
No Pocky for Kitty,Superchunk,0.6294109825821028
Diatribes,Napalm Death,0.40594905692631966
¡Viva Zapata!,7 Year Bitch,0.38990741535514895
For Your Own Special Sweetheart,Jawbox,0.4843354495263731
The Road to Ensenada,Lyle Lovett,0.5512091483771272
Birdbrain,Buffalo Tom,0.46511767052253644
To the Faithful Departed,The Cranberries,0.3488174040955361
Electr-O-Pura,Yo La Tengo,0.39661747108097223
Back in Business,EPMD,0.3665152666872383
Lustra,Echobelly,0.5753542255597369
Forever Everlasting,Everlast,0.4628146510870472
"Easy Come, Easy Go",George Strait,0.5064987845353758
Butterfly,Mariah Carey,0.62403239678899
New World Disorder,Biohazard,0.39574524664273314
Thank God for Mental Illness,The Brian Jonestown Massacre,0.6568670223374544
Gedida,Natacha Atlas,0.4448985463652594
Repetition,Unwound,0.4558897060062813
Reputation,Dusty Springfield,0.4700132072693716
Calling All Stations,Genesis,0.5168860523866509
Insomniac,Green Day,0.4556548197709733
Second Coming,Shotgun Messiah,0.35929091794509077
Congregation,The Afghan Whigs,0.4975022318460692
The Ruler's Back,Slick Rick,0.4428206339223586
The Final Tic,Crucial Conflict,0.3174568288762116
In a Major Way,E-40,0.4176295845317317
Running on Ice,Vertical Horizon,0.494397247989317
5,Lenny Kravitz,0.6450826574480337
Head Down,Moev,0.34883428761672064
Nine Objects of Desire,Suzanne Vega,0.4591506101755661
Not a Pretty Girl,Ani DiFranco,0.5695108242375886
Dog Eat Dog,Warrant,0.4973651756732517
Falling into Infinity,Dream Theater,0.3570621307956768
Gallery of Suicide,Cannibal Corpse,0.15873066524841534
Shift-Work,The Fall,0.5204589161520915
Liberty,Duran Duran,0.4411524275239203
Candy from a Stranger,Soul Asylum,0.6438530773053319
Grippe,Jawbox,0.42473915142863106
The Ponzi Scheme,Firewater,0.47279047239158917
Where I Wanna Be,Donell Jones,0.44206697437650705
This Should Move Ya,Mantronix,0.6206031030498421
Soundsystem,311,0.5244463328766401
So Real,Mandy Moore,0.6201354280304299
Yerself Is Steam,Mercury Rev,0.3701998041846467
Joy: A Holiday Collection,Jewel,0.8751960529933651
Play,Moby,0.5061317034109002
Exposed,Vince Neil,0.41059659818180744
Magic Hour,Cast,0.5294913372990407
Crazy World,Scorpions,0.4994883890324478
The Fragile Art of Existence,Control Denied,0.4316375686539226
Goatlord,Darkthrone,0.37856108160308966
Glee,Bran Van 3000,0.5566615028308332
Fizzy Fuzzy Big & Buzzy,The Refreshments,0.4638749919842961
Who Can You Trust?,Morcheeba,0.9999999999999991
Home Again,New Edition,0.5497178057341439
The Grass Is Blue,Dolly Parton,0.4704453337107706
Unusual Heat,Foreigner,0.465193826921583
Those of the Unlight,Marduk,0.32967151435440223
Dead Serious,Das EFX,0.4542531875998167
Darkest Days,Stabbing Westward,0.4380124223602477
"Light Fuse, Get Away",Widespread Panic,0.9999999999999991
Haunted,Six Feet Under,0.29913995913483016
Wild Wood,Paul Weller,0.5596662677835388
Regulate...G Funk Era,Warren G,0.34020563318231256
Just the Same,Terri Clark,0.5049985825851138
Colour of Your Dreams,Carole King,0.47596142565522426
Love in Space,Hawkwind,0.014998268873556653
Chill of an Early Fall,George Strait,0.6343108860408241
Mock Tudor,Richard Thompson,0.7159270105879696
Nightwork,Diabolical Masquerade,0.33468842795727544
Whatever and Ever Amen,Ben Folds Five,0.379521574521787
Emperor Tomato Ketchup,Stereolab,0.342565141926929
Armchair Theatre,Jeff Lynne,0.49930090483488265
Gato Negro,7 Year Bitch,0.4233942429551678
Southpaw Grammar,Morrissey,0.36183392383678603
Bizarre Ride II the Pharcyde,The Pharcyde,0.34869843569890757
The Carnival Bizarre,Cathedral,0.4750918422891037
Wide River,Steve Miller Band,0.4342169198970156
Frosting on the Beater,The Posies,0.5191609088422149
Transilvanian Hunger,Darkthrone,0.3838706168183632
Goofyfoot,Phranc,0.5171244652902899
As Time Goes By,Bryan Ferry,0.6247068954590689
Seasons in the Abyss,Slayer,0.3727245849455563
Painkiller,Judas Priest,0.33182176113777906
Heated,Big Sugar,0.5741765162807296
Steam,East 17,0.5313953694161455
Novelty Forever,Bracket,0.5130288887612738
Happiness...Is Not a Fish That You Can Catch,Our Lady Peace,0.4719299236474154
"Never, Neverland",Annihilator,0.3931648211575851
Whenever We Wanted,John Mellencamp,0.47425225896415607
Chemicrazy,That Petrol Emotion,0.4345787769089313
Into the Unknown,Mercyful Fate,0.4358290061370759
Ham Fisted,Local H,0.5405474427699999
People's Instinctive Travels and the Paths of Rhythm,A Tribe Called Quest,0.48718046362537504
Stoned & Dethroned,The Jesus and Mary Chain,0.49614412976997707
Twisted by Design,Strung Out,0.4842557748533746
Mondo Bizarro,Ramones,0.4527428463460199
Union,Yes,0.49699582090244104
Showbiz,Muse,0.46938886906136446
Angel Dust,Faith No More,0.42347988133226916
Naïve,KMFDM,0.5355810747450996
Sugar,Tonic,0.6332009503824069
Dots and Loops,Stereolab,0.45378328135096196
Keep the Fire Burnin',Dan Hartman,0.6413845206930524
Spyboy,Emmylou Harris,0.49332637844803723
Spirit Trail,Bruce Hornsby,0.473260632939633
Made in Heaven,Queen,0.6041828693964354
Cover Girl,Shawn Colvin,0.5190854828038374
Good Morning Spider,Sparklehorse,0.3260204760005328
Mexican Moon,Concrete Blonde,0.5322696449940167
Make Way for the Motherlode,Yo-Yo,0.48954386791716215
The Prodigal Stranger,Procol Harum,0.42952681643939294
Aries,Luis Miguel,0.2395195093083628
Over My Heart,Laura Branigan,0.525511235208084
Submarine Bells,The Chills,0.43716325507277365
Marchin' Already,Ocean Colour Scene,0.48383445272156816
Some Old Bullshit,Beastie Boys,0.45952167264991295
No Substance,Bad Religion,0.5990630489947293
"Bigger, Better, Faster, More!",4 Non Blondes,0.5455382735649152
"My Arms, Your Hearse",Opeth,0.45532885279707297
American Water,Silver Jews,0.9999999999999991
III Sides to Every Story,Extreme,0.5586433934350901
Let's Go,Rancid,0.5287619706009329
Affairs of the Heart,Jody Watley,0.6767903318982703
Here Comes Trouble,Bad Company,0.4001725401434123
Sympathique,Pink Martini,0.9999999999999991
The Band Geek Mafia,Voodoo Glow Skulls,0.5293227742807932
Uptown Saturday Night,Camp Lo,0.4820341639899502
Espresso Logic,Chris Rea,0.5461889100455823
Slip,Quicksand,0.4797981866988643
Formulas Fatal to the Flesh,Morbid Angel,0.3770437593391351
Subhuman Race,Skid Row,0.37567656091399293
Swingin' with Raymond,Chumbawamba,0.4107846865984544
Against the Grain,Bad Religion,0.45468877618857634
Eleven Kinds of Loneliness,Tanita Tikaram,0.27857000398883147
True Love,Pat Benatar,0.443701635420821
Me Against the World,2Pac,0.39509752097919787
Keasbey Nights,Catch 22,0.36985565890790895
Black Reign,Queen Latifah,0.5479610781925743
Tha Streetz Iz a Mutha,Kurupt,0.3397764268347381
Burnt Offerings,Iced Earth,0.42626360476380354
Bewitched,Luna,0.5311639805239539
Playtyme Is Over,Immature,0.5557224581298938
Enjoy Incubus,Incubus,0.5042879936178695
ESCM,BT,0.9999999999999991
Breathless,Kenny G,0.9999999999999991
Off the Hook,Xscape,0.5378540087754285
Out of the Cradle,Lindsey Buckingham,0.45208465800708525
Through Being Cool,Saves The Day,0.5411232784656156
No Jive,Nazareth,0.5877962417205926
Antenna,ZZ Top,0.43235862661470903
Harbinger,Paula Cole,0.5943882949338094
Twice Removed,Sloan,0.39911336493113314
State Songs,John Linnell,0.4762664539289986
The Burdens of Being Upright,Tracy Bonham,0.49351119191844245
117°,Izzy Stradlin,0.5241372936266254
Violent Demise: The Last Days,Body Count,0.30695934790657897
If There Was a Way,Dwight Yoakam,0.5010415281655799
Under the Covers,Dwight Yoakam,0.4580974797285152
Chim Chim's Badass Revenge,Fishbone,0.3970753866414436
Tactical Neural Implant,Front Line Assembly,0.3892944200682527
Project: Funk da World,Craig Mack,0.4531088053850817
Milk and Scissors,The Handsome Family,0.42035029190992435
Of Someday Shambles,Jebediah,0.39946727362437245
Everything You Want,Vertical Horizon,0.4788883261698701
The Sign,Ace of Base,0.49297522492576257
Glory to the Brave,HammerFall,0.47204609427986505
King of Hearts,Roy Orbison,0.46557953143384856
Long Stretch of Lonesome,Patty Loveless,0.5548168830976962
Supposed Former Infatuation Junkie,Alanis Morissette,0.5517413070101597
Run Devil Run,Paul McCartney,0.7293577981651366
Songs from The Capeman,Paul Simon,0.5054653836211392
In on the Kill Taker,Fugazi,0.49022584671664565
Native Tongue,Poison,0.26657414035221927
Blurring the Edges,Meredith Brooks,0.48934800739746875
...Somewhere More Familiar,Sister Hazel,0.4660718695136605
We Have the Technology,Custard,0.579235284061769
Circle of One,Oleta Adams,0.49364028339696414
Stupid Dream,Porcupine Tree,0.5413291215091015
The One Thing,Michael Bolton,0.5903725725603768
Ass Cobra,Turbonegro,0.4348953365359597
Breaking Atoms,Main Source,0.48054505680059884
Busted,Cheap Trick,0.45269669795040157
University,Throwing Muses,0.558160383250131
IX Equilibrium,Emperor,0.35087210356456444
Crossroads and Illusions,Strung Out,0.45525503500592546
20 Años,Luis Miguel,0.2565317112086154
Jesus Hits Like the Atom Bomb,Tripping Daisy,0.5379736737136015
Tidal,Fiona Apple,0.49355138944289245
It's Dark and Hell Is Hot,DMX,0.3344638340433803
This Strange Engine,Marillion,0.5399415797258355
Harbor Lights,Bruce Hornsby,0.5086599626309484
Stick Around for Joy,The Sugarcubes,0.49262786220243976
New Beginning,SWV,0.6118198830508614
First Love,Hikaru Utada,0.7002298326590299
Arrive All Over You,Danielle Brisebois,0.483918199772344
A Prince Among Thieves,Prince Paul,0.42996941896024443
Elegantly Wasted,INXS,0.5061657147221817
The Diary,Scarface,0.31404676820711175
A Place in the Sun,Tim McGraw,0.5494064239177917
Always Never the Same,Kansas,0.4834423210968882
Musical Monkey,Guttermouth,0.4939054182425749
End of the Summer,Dar Williams,0.5500374028707458
The Velvet Rope,Janet Jackson,0.4369888972124658
The Boy Is Mine,Monica,0.5156289661674569
Duets,Frank Sinatra,0.5123036791946574
Let Me In,Chely Wright,0.5041717183979711
Lucy,Candlebox,0.4606413301035243
Eden,Sarah Brightman,0.4322152873913824
Detonator,Ratt,0.3487142124500374
Gala,Lush,0.6022565388341207
Dreamspace,Stratovarius,0.47489922108770616
Billy's Live Bait,Gear Daddies,0.47273818874162615
Come On Feel The Lemonheads,The Lemonheads,0.42040154234809113
Pod,The Breeders,0.47690685634254926
Satisfaction is the Death of Desire,Hatebreed,0.44737591885577443
American Grafishy,Flipper,0.45821754336476606
Liquid Tension Experiment 2,Liquid Tension Experiment,0.9999999999999991
Inzombia,Slant 6,0.6415146024865307
Goodbye Jumbo,World Party,0.6101394967330909
Electriclarryland,Butthole Surfers,0.4478566397066928
Hoodoo,Alison Moyet,0.43755249277179126
"You Can't Do That on Stage Anymore, Vol. 6",Frank Zappa,0.4849780614280013
Mercenary,Bolt Thrower,0.3060215181276207
This Is Christmas,Luther Vandross,0.7243655748400594
Peace and Noise,Patti Smith,0.5173758552639032
Audience with the Mind,The House of Love,0.36355632799589715
Wrecking Ball,Emmylou Harris,0.40974219553670754
Dark at the End of the Tunnel,Oingo Boingo,0.44154018571735865
Two Pages,4hero,0.5594698480617901
Otis,Mojo Nixon,0.5117040707072829
Live from the Fall,Blues Traveler,0.5035943154787028
Poetenes Evangelium,Morten Harket,0.26044317290895835
Clumsy,Our Lady Peace,0.3434823872467432
Thylacine,Monique Brumby,0.4757350795863449
Gold Mother,James,0.4844615141911325
Believe in Me,Duff McKagan,0.5270377271996616
Phoenix Rising,Artension,0.33740960993864466
Attack of the Grey Lantern,Mansun,0.5135432110844348
Soundpieces: Da Antidote,Lootpack,0.412732075510459
E-lux,Human Waste Project,0.49787922062499723
Star Bright,Vanessa Williams,0.7941763063422406
Four,Blues Traveler,0.39761833851779327
Destination Anywhere,Jon Bon Jovi,0.4111906509102758
How Long Has This Been Going On,Van Morrison,0.5367131605971354
Ten,Pearl Jam,0.5429432781345277
The Human Factor,Metal Church,0.446061533542656
Get Skintight,The Donnas,0.6212076456192924
Truly Blessed,Teddy Pendergrass,0.6009225450789062
Big Calm,Morcheeba,0.4921348045022811
Milk & Kisses,Cocteau Twins,0.47904178160306005
Betty,Helmet,0.5214377520719757
Sound of White Noise,Anthrax,0.5150628075276269
Still Standing,Goodie Mob,0.45414293266052236
Some Fantastic Place,Squeeze,0.5840207419226158
Ready for the World,INOJ,0.569008420258891
The Healing Game,Van Morrison,0.5632892535048204
Long Line,Peter Wolf,0.4052061634829879
Mental Jewelry,Live,0.5439719141015084
No End of Love,John Hartford,0.5617308573032546
Only God Can Judge Me,Master P,0.41913315362724246
Modernday Folklore,Ian Moore,0.6471461303698471
My Heart,Donell Jones,0.5992293820648185
A Dead Poem,Rotting Christ,0.4524506639142356
The Sweetest Days,Vanessa Williams,0.5659086285308761
Just Fred,Fred Schneider,0.5022745650699442
And Now the Legacy Begins,Dream Warriors,0.3727132474546904
Breakdown,Melissa Etheridge,0.48717756947214463
Where Have All the Merrymakers Gone?,Harvey Danger,0.4550622597811394
Mother Nature Calls,Cast,0.5354805325576184
Chorus,Erasure,0.490396888711607
Human Clay,Creed,0.4709692172262487
Spiritual Healing,Death,0.38489962011945916
Modus Operandi,Photek,0.9999999999999991
Bring 'em All In,Mike Scott,0.4658622523600583
Odelay,Beck,0.4682108700290345
Nightcap,Jethro Tull,0.9999999999999991
Tight,Mindless Self Indulgence,0.3931841672047546
Urban Hymns,The Verve,0.5707574347382885
Anywhere But Here,The Ataris,0.4504735443927029
Tiger Bay,Saint Etienne,0.5505916766387442
W.F.O.,Overkill,0.4408831741711441
Romances,Luis Miguel,0.22940447597790053
Octagon,Bathory,0.3965173376614443
Pop Life,Bananarama,0.6003099518070704
Older,George Michael,0.49440260737272257
Segundo Romance,Luis Miguel,0.10401694926337329
Night Ride Home,Joni Mitchell,0.3772544888250179
The Messenger,Kurt Elling,0.5741523733546064
It Was Written,Nas,0.41075168556175645
Inquilaab,Junoon,0.32703984399237657
Mighty Joe Moon,Grant Lee Buffalo,0.5212878516425199
Electric Landlady,Kirsty MacColl,0.43187541702455096
Goat,The Jesus Lizard,0.3613245624116875
Kickin' It Up,John Michael Montgomery,0.5540486637415236
Frogstomp,Silverchair,0.40609665030936587
Gravity's Rainbow,Pat Benatar,0.38725414991868845
Enemy of the Sun,Neurosis,0.36255299321192624
Foolish,Superchunk,0.5284041048700003
Parables for Wooden Ears,Powderfinger,0.41260296714371064
Orchid,Opeth,0.9999999999999991
Metalhead,Saxon,0.5111472050919291
Dig My Mood,Nick Lowe,0.4252758941630099
Significant Other,Limp Bizkit,0.46844205182232745
Not So Tough Now,Frenzal Rhomb,0.4746927508448972
Sehnsucht,Rammstein,0.06165345727614924
Caustic Grip,Front Line Assembly,0.3929221643086507
Forget About It,Alison Krauss,0.4492693999402571
Slip Stitch and Pass,Phish,0.49599266384021645
Foxbase Alpha,Saint Etienne,0.6278021539688861
Dreaming Neon Black,Nevermore,0.4380212597708868
Stoner Witch,Melvins,0.6372520578743147
Unleash the Beast,Saxon,0.40749590467080543
Fire and Ice,Yngwie Malmsteen,0.5546054938788834
Up from the Ashes,Don Dokken,0.5086190154448008
From the Cradle,Eric Clapton,0.5436777024331867
The Luxury of Time,David Mead,0.6172900436217381
Classics in the Key of G,Kenny G,0.5468340819618113
Souls of Black,Testament,0.41436477861986387
The Shape of Punk to Come,Refused,0.5705162924004474
The Bends,Radiohead,0.4758920509936791
Vivadixiesubmarinetransmissionplot,Sparklehorse,0.41958689582213227
The End Complete,Obituary,0.19175288783243655
At the Heart of Winter,Immortal,0.41554809324588726
All Fall Down,Against All Authority,0.4832112940908314
"Flesh of My Flesh, Blood of My Blood",DMX,0.41595029340024886
Unchained,Johnny Cash,0.38328107090899677
The Most Beautifullest Thing in This World,Keith Murray,0.4477575831151036
Ringmaster,Insane Clown Posse,0.2118313141535072
"Slow, Deep and Hard",Type O Negative,0.3476577818395403
Natural Ingredients,Luscious Jackson,0.5275968860225072
Regular Urban Survivors,Terrorvision,0.4633325539065322
A Thousand Leaves,Sonic Youth,0.5868392031722935
Eight Arms to Hold You,Veruca Salt,0.4052681166568727
Stomp 442,Anthrax,0.44847227762265623
Down on the Upside,Soundgarden,0.37994222238338665
Phantom Power,The Tragically Hip,0.4419224162295318
Ill Communication,Beastie Boys,0.3848224970083758
Who I Am,Alan Jackson,0.4288679198244911
A Deeper Kind of Slumber,Tiamat,0.1599521340247303
Through Silver in Blood,Neurosis,0.4289489429597124
Walthamstow,East 17,0.6363070939363695
The Soul Cages,Sting,0.36650711341576897
Oz Factor,Unwritten Law,0.5845379772081207
Tuesday's Child,Amanda Marshall,0.5978668662453028
Sventevith (Storming Near the Baltic),Behemoth,0.4542113251726329
Filth Pig,Ministry,0.47341269947502645
Welcome to the Cruel World,Ben Harper,0.5747905863581965
Cyberpunk,Billy Idol,0.4331881427191025
Lifestylez ov da Poor & Dangerous,Big L,0.507392334046124
Once upon the Cross,Deicide,0.24450642678113266
Highwayman 2,The Highwaymen,0.48969967726728725
Whiskey for the Holy Ghost,Mark Lanegan,0.36274951873883565
Cherry Pie,Warrant,0.5179234881036432
Priest=Aura,The Church,0.44555966186244733
Brick by Brick,Iggy Pop,0.5200237841506462
My Own Prison,Creed,0.41266129713649036
Load,Metallica,0.4842683298266445
Jordan: The Comeback,Prefab Sprout,0.4778861002794183
Cosas del Amor,Enrique Iglesias,0.3707076352631644
Behind the Eyes,Amy Grant,0.5864914034062549
EV3,En Vogue,0.5381180118349029
Romeo's Heart,John Farnham,0.49096794209189093
Picture Perfect Morning,Edie Brickell,0.6370795917771691
Soul's Core,Shawn Mullins,0.4784531023976238
Interiors,Brad,0.5486854549197718
It Matters to Me,Faith Hill,0.5366690162522104
World Falling Down,Peter Cetera,0.4327460667885693
Junkanoo,Baha Men,0.5963733977296003
Shake Your Money Maker,The Black Crowes,0.5219387554773031
Gringo Honeymoon,Robert Earl Keen,0.5648302056295152
Divine Intervention,Slayer,0.28828441653692244
Tuonela,Amorphis,0.4467705478423849
Arches and Aisles,The Spinanes,0.4653913486681733
Believe,Cher,0.5598062080977527
Sparkle and Fade,Everclear,0.5206365572623068
Obey the Time,The Durutti Column,0.9999999999999991
The More Things Change...,Machine Head,0.4823845749885929
Northern Star,Melanie C,0.6140759789639699
The Woman in Me,Shania Twain,0.5468208569079201
Tical,Method Man,0.36468574558400674
Apocalypse 91... The Enemy Strikes Black,Public Enemy,0.4036041779646201
Stairway to Fairyland,Freedom Call,0.5370106558778273
The Internationale,Billy Bragg,0.4407628158514326
XO,Elliott Smith,0.40415969144662556
Colossal Head,Los Lobos,0.38789168107077954
Spinning Around the Sun,Jimmie Dale Gilmore,0.5112432271352272
Picture This,Wet Wet Wet,0.5081039465043725
Body Exit Mind,New Fast Automatic Daffodils,0.39891636750432147
Dispepsi,Negativland,0.5056070849722039
Sex Packets,Digital Underground,0.4694124194191741
It All Comes Down to This,Bane,0.494057154437029
Close to Seven,Sandra,0.661779669985265
Utopia Banished,Napalm Death,0.483597650715926
Groove Family Cyco,Infectious Grooves,0.4813590048223392
Bette of Roses,Bette Midler,0.6316871650832627
The Privilege of Power,Riot,0.4595266281933515
Mule Variations,Tom Waits,0.5451480443502775
Forest of Equilibrium,Cathedral,0.37211739333256644
The Looks or the Lifestyle?,Pop Will Eat Itself,0.5610319757972797
Rasta Business,Burning Spear,0.4724516576515685
Far from Home,Traffic,0.554294130281365
Sackcloth 'n' Ashes,16 Horsepower,0.39587124800558415
Lay It Down,Cowboy Junkies,0.3361392698146334
Sutras,Donovan,0.4458384448073691
Doc's da Name 2000,Redman,0.4373942741346126
Peggy Suicide,Julian Cope,0.4456182188081251
Without You I'm Nothing,Placebo,
Maxinquaye,Tricky,0.3883384936943113
Whiplash,James,0.6291956292871754
Harmony Corruption,Napalm Death,0.39698106003579037
Daily Operation,Gang Starr,0.4382370538961492
1000 Smiling Knuckles,Skin Yard,0.4938652220709381
Lovescape,Neil Diamond,0.6318308735540477
He Got Game,Public Enemy,0.37976495640123503
The Rapture,Siouxsie and the Banshees,0.4329553440841833
Menace to Sobriety,Ugly Kid Joe,0.5570614569707607
Turn It Upside Down,Spin Doctors,0.49152879400365496
East Side Story,Kid Frost,0.46132947208317615
Superunknown,Soundgarden,0.45672367371360145
Peace at Last,The Blue Nile,0.6621418790273824
Bricks Are Heavy,L7,0.4557499869929407
The Name Above the Title,John Wesley Harding,0.5228348949788837
Black Earth,Arch Enemy,0.16859460178167746
Fashion Nugget,Cake,0.5386207874150725
Massive Grooves from the Electric Church of Psychofunkadelic Grungelism Rock Music,Poundhound,0.5276637180600192
Hey Babe,Juliana Hatfield,0.4876015498313263
Tripping the Light Fantastic,Lit,0.4765257279617064
Time's Up,Living Colour,0.48416590409598154
The Low End Theory,A Tribe Called Quest,0.4700280838019025
Strength in Numbers,24-7 Spyz,0.5196264529668684
Return to the Last Chance Saloon,The Bluetones,0.4348669254542567
Backstreet's Back,Backstreet Boys,0.5975375614944813
Field Studies,Quasi,0.4639791193354258
Beg to Differ,Prong,0.3259765360852277
The Hard Way,Clint Black,0.4356647859023776
C.M.B.,Color Me Badd,0.7167329230962287
Bitterblue,Bonnie Tyler,0.4785060973243784
Risin' Outlaw,Hank Williams III,0.5098050881261276
Tierna La Noche,Fey,0.19136133112997883
Throttle Junkies,Soil,0.26647672232035957
Have You Seen Me Lately,Carly Simon,0.5357565745047717
Delete Yourself!,Atari Teenage Riot,0.21488040174441625
Invisible,La Ley,0.07328978859194196
Pussy Whipped,Bikini Kill,0.48170488485897967
Come Pick Me Up,Superchunk,0.4958658130117019
Up to No Good,Peter Wolf,0.43499299812553427
Cause of Death,Obituary,0.3480857853329824
The Day the Sun Went Out,Boysetsfire,0.37087289609711344
The Sweetest Illusion,Basia,0.4958547784265721
Time Out of Mind,Bob Dylan,0.43698080158165786
Such Blinding Stars for Starving Eyes,Cursive,0.4052061634829883
Blues for Greeny,Gary Moore,0.5473884133600228
At the Speed of Life,Xzibit,0.430607286610477
Baile de Los Locos,Voodoo Glow Skulls,0.5257094090036263
Theater of Salvation,Edguy,0.5045419993828593
Metaphysical Graffiti,The Dead Milkmen,0.5185174257456074
Julius Caesar,Smog,0.43397237734343797
Stray,Aztec Camera,0.46787863809788627
American Caesar,Iggy Pop,0.5790634224172315
Shapeshifter,Marcy Playground,0.45732216460577013
"Pale Sun, Crescent Moon",Cowboy Junkies,0.5051828678825926
Souvlaki,Slowdive,0.5322067906830567
The Infotainment Scan,The Fall,0.3663062344354721
This Desert Life,Counting Crows,0.4679900201005808
Unforgettable... with Love,Natalie Cole,0.5037592853218533
I Refuse to Be Lonely,Phyllis Hyman,0.5123118682323632
Ven Conmigo,Selena,0.22285106772032176
Serpents of the Light,Deicide,0.33042481053051453
Slave to the Grind,Skid Row,0.36335824907649816
S.C.I.E.N.C.E.,Incubus,0.5270614542055959
Dear You,Jawbreaker,0.4972676505783802
Riddle Box,Insane Clown Posse,0.5823539802837763
TNT,Tortoise,0.9999999999999991
Kerosene Hat,Cracker,0.7065643334342232
Pack Up the Cats,Local H,0.4229136196427774
Starting Over,Reba McEntire,0.5556903989293294
Mos Def & Talib Kweli Are Black Star,Black Star,0.5138489201843668
The Lonesome Crowded West,Modest Mouse,0.4239604517187938
El Niño,Def Squad,0.38625785301156723
New Art Riot,Manic Street Preachers,0.4591497788493104
Shaming of the Sun,Indigo Girls,0.5579276304906507
Terraform,Shellac,0.5005845701002707
Third World Warrior,Kris Kristofferson,0.4989939561632488
Whip-Smart,Liz Phair,0.4684239501297189
Motel California,Ugly Kid Joe,0.49301637953413
Lucky Town,Bruce Springsteen,0.5893256457676078
"Dandys Rule, OK?",The Dandy Warhols,0.5829704995028003
Angel Heart,Bonnie Tyler,0.5346420580315032
We Got It,Immature,0.5191445085835127
Lazer Guided Melodies,Spiritualized,0.6187204130321889
Hints Allegations and Things Left Unsaid,Collective Soul,0.5162009787229896
Different Class,Pulp,0.5130259434656779
Everybody Knows,Sonia,0.5326006331208781
Veiled,Leah Andreone,0.5504305827813101
Get a Grip,Aerosmith,0.5361135609284817
Change Everything,Del Amitri,0.4336653622783597
Mr. Happy Go Lucky,John Mellencamp,0.3912402058156757
This One's Gonna Hurt You,Marty Stuart,0.586101772180751
The Impossible Bird,Nick Lowe,0.5902555198385689
"You Can't Do That on Stage Anymore, Vol. 5",Frank Zappa,0.6978279000616449
Danzig II: Lucifuge,Danzig,0.5194971030267794
The Wild Life,Slaughter,0.5759691046886891
Conforming to Abnormality,Cephalic Carnage,0.29650969680332306
Ask Questions Later,Cop Shoot Cop,0.4195350198128618
Astronauts & Heretics,Thomas Dolby,0.26029712225615553
Angels with Dirty Faces,Tricky,0.7468898405220089
Tubthumper,Chumbawamba,0.3607716575407046
Give Yourself a Hand,Crash Test Dummies,0.464209416088938
Panique celtique,Manau,0.24905968808807727
Perverse,Jesus Jones,0.4170778961764196
Spellbound,Paula Abdul,0.5563055024877708
Terra Incognita,Chris Whitley,0.6039943878533136
The Best Band You Never Heard in Your Life,Frank Zappa,0.5350352346762391
Armed Audio Warfare,Meat Beat Manifesto,
The War Report,Capone-N-Noreaga,0.4480328395855477
Tilt,Scott Walker,0.49614412976997707
A Catholic Education,Teenage Fanclub,0.4959280680760531
Issues,Korn,0.17953930674782864
"Please Hammer, Don't Hurt 'Em",MC Hammer,0.4865241313047915
What I Deserve,Kelly Willis,0.49552681064448056
Livonia,His Name Is Alive,0.470684946112698
For the Cool in You,Babyface,0.43312689382011027
Regretfully Yours,Superdrag,0.5078114612418557
Muse Sick-n-Hour Mess Age,Public Enemy,0.4776144360194262
Brand New Dance,Emmylou Harris,0.6510538169891973
Inna Heights,Buju Banton,0.4482756241002697
Walking in London,Concrete Blonde,0.6053670412500165
Promises and Lies,UB40,0.49488317955625843
Jehovahkill,Julian Cope,0.2520735368199085
The Very Best of Kenny G,Kenny G,0.9999999999999991
Sketches for My Sweetheart the Drunk,Jeff Buckley,0.6029384725288072
Where Blood and Fire Bring Rest,Zao,0.4376309713085054
Sacrificial Cake,Jarboe,0.5583996992329511
I Wanna Be Santa Claus,Ringo Starr,0.624040127257205
Living Under June,Jann Arden,0.5945504103661262
No Doubt About It,Neal McCoy,0.4982205668284643
Rafi's Revenge,Asian Dub Foundation,0.43804878806873143
The Longest Line,NOFX,0.46222771362137155
Too Long in Exile,Van Morrison,0.3424741848651588
Standing in My Shoes,Leo Kottke,0.46360640656611846
The Middle of Nowhere,Orbital,0.5730620928068068
Sound of Perseverance,Death,0.25745238173877494
Mind Fruit,Opus III,0.9999999999999991
Mechanical Animals,Marilyn Manson,0.47971663593905495
Hell Freezes Over,Eagles,0.5179860028284435
Guide to Better Living,Grinspoon,0.46961437268577233
"Hey You, I Love Your Soul",Skillet,0.48508538042437005
Waiting for You,Gordon Lightfoot,0.44051012565513403
Keys to Ascension 2,Yes,0.5495487212077358
Cobra and Phases Group Play Voltage in the Milky Night,Stereolab,0.6458931939721311
Keep the Faith,Faith Evans,0.5837250293772026
Giant Steps,The Boo Radleys,0.39189728220442166
The Woman I Am,Chaka Khan,0.5771811808292706
Strictly Diesel,Spineshank,0.39673285661076063
Steelbath Suicide,Soilwork,0.46449677744420814
New Beginning,Tracy Chapman,0.48229752855075314
Transient Random-Noise Bursts with Announcements,Stereolab,0.40853255329521704
Aquarium,Aqua,0.5838277665697895
World Party,Goodie Mob,0.47318156034788655
Emancipation,Prince,0.5848383334252172
Wishpool,Brother Cane,0.48862894041610944
Belly to Belly,Warrant,0.546220260689424
Tical 2000: Judgement Day,Method Man,0.4123771734881675
Some People's Lives,Bette Midler,0.5659733271185251
100% Fun,Matthew Sweet,0.37783058500029676
Transmission,The Tea Party,0.39683431845378375
All We Got Iz Us,Onyx,0.3241355444145182
Pup Tent,Luna,0.49454678650750605
Tattooed Millionaire,Bruce Dickinson,0.48103331505118957
Spit,Kittie,0.5155729702688824
Lawn Boy,Phish,0.5322778759156892
Portrait of an American Family,Marilyn Manson,0.4976997739662276
Swamp Ophelia,Indigo Girls,0.47951650870520274
Anthems to the Welkin at Dusk,Emperor,0.44257225144045953
The Beauty Process: Triple Platinum,L7,0.5160137661060659
The Southern Harmony and Musical Companion,The Black Crowes,0.6151145214452157
Showtime,Nitzer Ebb,0.4777052607130406
Avenue B,Iggy Pop,0.5043473901491122
Slap-Happy,L7,0.5541638966449494
Implode,Front Line Assembly,0.3928812883248929
Up on the Roof: Songs from the Brill Building,Neil Diamond,0.5376954284102061
Songs from a Parent to a Child,Art Garfunkel,0.5155443212044941
Thirteen,Teenage Fanclub,0.4890801623223558
Wowee Zowee,Pavement,0.40445495469827325
Independent Worm Saloon,Butthole Surfers,0.4710809732748304
Sunburn,Fuel,0.4137954268588488
Pure Poverty,Poor Righteous Teachers,0.501590595836607
Let Your Dim Light Shine,Soul Asylum,0.4169063464404921
Blacks' Magic,Salt-N-Pepa,0.48315148207029857
Ferment,Catherine Wheel,0.47798555349369587
Shaking the Tree,Peter Gabriel,0.5445227437249767
Where We Stand,Yellowcard,0.49545273234942133
Mr. Smith,LL Cool J,0.5065776044074779
The Fruit That Ate Itself,Modest Mouse,0.46612669239505133
Grave Dancers Union,Soul Asylum,0.41583566015157525
Pet Your Friends,Dishwalla,0.3225448084207192
Quik Is the Name,DJ Quik,0.4450395198429731
The Wake of Magellan,Savatage,0.47534830041276765
You? Me? Us?,Richard Thompson,0.5647437175907453
Backlash,Bad English,0.5758185046471644
Their Satanic Majesties' Second Request,The Brian Jonestown Massacre,0.42996532785124647
Book of Shadows,Zakk Wylde,0.38628311316548936
Make Yourself,Incubus,0.507780147952881
The Fire Inside,Bob Seger,0.6081063713725665
Fight for Your Mind,Ben Harper,0.40989230155564355
I Remember You,Brian McKnight,0.625145536061637
Burning Bridges,Arch Enemy,0.3636922761519139
New Inside,Tiffany,0.5268200349881749
Maybe You Should Drive,Barenaked Ladies,0.6070923365795283
Tremolo,Blue Rodeo,0.5264503833710048
Put Yourself in My Shoes,Clint Black,0.45354868437340967
Going Public,Newsboys,0.4367867268944248
Machiavelli and the Four Seasons,TISM,0.5505916766387438
Tribal Voice,Yothu Yindi,0.5687062890573054
Mr. Scarface Is Back,Scarface,0.362659553250897
Frizzle Fry,Primus,0.4782483392051987
Playing My Game,Lene Marlin,0.5016795946556255
Meantime,Helmet,0.5204627044276019
Forever Free,Saxon,0.40597438283916093
Louder Than Love,TKA,0.5975269246110884
Midnite Vultures,Beck,0.6363220639114238
A Moment of Forever,Kris Kristofferson,0.39395407145706274
Knock Knock,Smog,0.5783710372860746
Boombastic,Shaggy,0.5980828716740222
Pinkerton,Weezer,0.4095585986996659
Blast the Human Flower,Danielle Dax,0.37110490626246506
Madra,Miranda Sex Garden,0.5290472391589258
The Gallery,Dark Tranquillity,0.4648982848025522
Love Moves,Kim Wilde,0.4764943194684338
Young Lions,Adrian Belew,0.4673420333232431
Rites of Passage,Indigo Girls,0.520237379225316
Ecliptica,Sonata Arctica,0.5082887318493289
A Triumph for Man,Mew,0.5255128065658577
The Master,Rakim,0.48940512577054135
Are You Gonna Go My Way,Lenny Kravitz,0.6493382884359427
Amarte Es Un Placer,Luis Miguel,0.24347665462878415
Crowning of Atlantis,Therion,0.4673177958858048
Fear No Evil,Slaughter,0.4232653832427097
Holy Water,Bad Company,0.5539434233592423
Contradictions Collapse,Meshuggah,0.3727717346385073
Elegy,Amorphis,0.3692294907592065
Wretch,Kyuss,0.3959146532565954
Dry,PJ Harvey,0.5068245127634394
Urban Discipline,Biohazard,0.3597580718009922
Stain,Living Colour,0.3547163181187906
Chupacabra,Imani Coppola,0.5003335293945304
Orange Ave.,Seven Mary Three,0.43145209673077944
Phaseshifter,Redd Kross,0.5281877409918885
Soli Deo Gloria,Apoptygma Berzerk,0.4301577205446373
Gordon,Barenaked Ladies,0.5151514725903614
"Blue Skies, Broken Hearts...Next 12 Exits",The Ataris,0.5683425538925793
The Final Chapter,Hypocrisy,0.4747706422018348
Boggy Depot,Jerry Cantrell,0.6470502592740321
Honey's Dead,The Jesus and Mary Chain,0.5256365509905593
Robyn Is Here,Robyn,0.5684275264319659
Broken,Nine Inch Nails,0.4970083765456714
Step In the Arena,Gang Starr,0.4605310152493512
Under the Red Sky,Bob Dylan,0.48902587905380085
Junction Seven,Steve Winwood,0.5543915054376665
Millions Now Living Will Never Die,Tortoise,0.9999999999999991
Music Box,Mariah Carey,0.4742810598820874
The R*tist 4*merly Known as Dangerous Toys,Dangerous Toys,0.46420805592322434
Brown Album,Primus,0.3956034215308245
Bobby,Bobby Brown,0.5534992726684976
Lost in the Former West,The Fatima Mansions,0.44087598495257024
Metal Jukebox,Helloween,0.45853964788316937
Discouraged Ones,Katatonia,0.4705445442416403
Un-Led-Ed,Dread Zeppelin,0.7300921475169059
Everybody's Angel,Tanita Tikaram,0.5281925385552751
Erase the Slate,Dokken,0.5634559516539522
Destruction by Definition,The Suicide Machines,0.3737413415026755
Album of the Year,Faith No More,0.33010621108354177
Millennium,Backstreet Boys,0.48743273435607243
Get It How U Live!,Hot Boys,0.3235247757890807
Experience the Divine,Bette Midler,0.5974846899270267
Take a Look Over Your Shoulder,Warren G,0.4693370811171925
Ebbhead,Nitzer Ebb,0.5651993965768023
All of This Love,Pam Tillis,0.6100518548065413
The Wild Places,Dan Fogelberg,0.47281837658679376
And She Closed Her Eyes,Stina Nordenstam,0.5760813927012945
Storyville,Robbie Robertson,0.5011517988865624
Sunday 8PM,Faithless,0.4827828088955479
Dollars & Sex,The Escape Club,0.4640773276685742
The Jester Race,In Flames,0.37762357003443797
Burn Out,Slick Shoes,0.5403441791555069
Serpentine Gallery,Switchblade Symphony,0.4723894590473769
Keys to Ascension,Yes,0.5495487212077358
Fourth Dimension,Stratovarius,0.4641215123968675
Grande Rock,The Hellacopters,0.481106235872889
Radiation,Marillion,0.509333989440159
Tragic Kingdom,No Doubt,0.5350807213486445
"No Gods, No Managers",Choking Victim,0.3854635591771607
This Is an EP Release,Digital Underground,0.467127044276027
P.H.U.Q.,The Wildhearts,0.5449338126537612
Fly Me Courageous,Drivin N Cryin,0.5280623345541566
In the Heart of the Young,Winger,0.4868618949193333
Butchered at Birth,Cannibal Corpse,0.2967548008433526
Days in the Wake,Palace Brothers,0.49146073533787904
Soul of a New Machine,Fear Factory,0.29815260128782217
Dangerous,Michael Jackson,0.5303089932967391
Transistor,311,0.4760183448067893
Replenish,Reef,0.5252044276027124
Nice Ass,Free Kitten,0.5467466603713672
...The Dandy Warhols Come Down,The Dandy Warhols,0.6062130512177832
Goodbye Ellston Avenue,Pinhead Gunpowder,0.4720220419861421
"Funke, Funke Wisdom",Kool Moe Dee,0.5101677566963438
Tubular Bells III,Mike Oldfield,0.4451535700039879
Duck and Cover,Mad Caddies,0.5547139706933789
¿Dónde Están los Ladrones?,Shakira,0.15990843615404898
Heavy Soul,Paul Weller,0.547620088409986
With a Twist,Todd Rundgren,0.4196826957608391
Ceremony,The Cult,0.6326392564697167
When I Was Born for the 7th Time,Cornershop,0.4841293044164769
No More Looking over My Shoulder,Travis Tritt,0.4566805301842729
Against the Law,Stryper,0.5744602094744129
Trouble Is...,Kenny Wayne Shepherd,0.432912601052336
Dialogue,Four Tet,0.9999999999999991
Clarity,Jimmy Eat World,0.5505916766387446
Rasassination,Ras Kass,0.3914347665923557
Dysfunction,Staind,0.44422284270708623
Kingdom of Madness,Edguy,0.45730241039375447
The Unauthorized Biography of Reinhold Messner,Ben Folds Five,0.47286574336045123
Ignition,The Offspring,0.46658180623665485
Aftertaste,Helmet,0.4288536899548643
Dopes to Infinity,Monster Magnet,0.5190994994579432
The Proximity Effect,Nada Surf,0.5809078330674107
Vovin,Therion,0.419922365524678
How It Feels To Be Something On,Sunny Day Real Estate,0.6922685446267687
Nobody Else,Take That,0.5995895430618098
"You Can't Do That on Stage Anymore, Vol. 4",Frank Zappa,0.4948448978621443
Crazy Legs,Jeff Beck,0.5709014758675697
Blodhemn,Enslaved,0.37834064619066576
Spirit of the Wild,Ted Nugent,0.3418260449688235
Life Won't Wait,Rancid,0.3735833182447504
Saltwater,Chicane,0.5390784065486203
One Chord to Another,Sloan,0.4385569961629551
Leaders Not Followers,Napalm Death,0.42300063224332385
Jericho,The Band,0.359920550104757
The Angel and the Dark River,My Dying Bride,0.43848369603278736
One Hot Minute,Red Hot Chili Peppers,0.49671389245913833
Pre-Millennium Tension,Tricky,0.6029160902664026
Punk in Drublic,NOFX,0.2840255617604036
Love Travels,Kathy Mattea,0.6691369428757373
Car Wheels on a Gravel Road,Lucinda Williams,0.3712948875890868
Devil Without a Cause,Kid Rock,0.48986172051588855
Bad As I Wanna B,MC Lyte,0.4968972591030826
The Real Ramona,Throwing Muses,0.6431559633027523
Very Proud of Ya,AFI,0.44530672766044077
Eventually,Paul Westerberg,0.49590013397842203
Crash,Dave Matthews Band,0.5802626566167408
Ice Cream Man,Master P,0.3426969541047141
Ravishing Grimness,Darkthrone,0.47377343438372477
Before These Crowded Streets,Dave Matthews Band,0.4069813245653596
Leap of Faith,Kenny Loggins,0.519723535163488
The Rhythm of the Saints,Paul Simon,0.5484606878231244
What Would the Community Think,Cat Power,0.45924931319067164
What Is a Rumpletilskin?,Rumpletilskinz,0.4425638980086517
Hips and Makers,Kristin Hersh,0.4746850662117694
Rush Street,Richard Marx,0.537971671597519
The Lone Ranger,Suggs,0.47419041630054987
So Tough,Saint Etienne,0.5924683613155886
Christmas Island,Jimmy Buffett,0.6049387296963848
Frost,Enslaved,0.34952466427336726
Tubular Bells II,Mike Oldfield,0.7662544874351804
Rocket,Primitive Radio Gods,0.6093832007221874
The Orb's Adventures Beyond the Ultraworld,The Orb,0.9999999999999991
No Division,Hot Water Music,0.4438571998404466
World War III,Mac,0.2909528061911076
whitechocolatespaceegg,Liz Phair,0.47142999601116853
Savage Land,Mob Rules,0.4170144384254549
Swansong,Carcass,0.3594435580374949
Times of Grace,Neurosis,0.33820303151176684
The Black Rider,Tom Waits,0.4201421205808914
Head Trip in Every Key,Superdrag,0.43016135132509786
Interiors,Rosanne Cash,0.5068568464572953
The Dark Saga,Iced Earth,0.4308774936351052
Dogs of War,Saxon,0.33072143760183276
Change Giver,Shed Seven,0.5716687153521165
Life of the Party,The Planet Smashers,0.44269728969411964
Stars,Simply Red,0.5093993845345478
Reflections,After 7,0.5924445261133986
Antipop,Primus,0.4603356590850427
Squint,Steve Taylor,0.5206708572319341
The Trouble with the Truth,Patty Loveless,0.3085139387492799
Act III,Death Angel,0.4318368143665818
Contact from the Underworld of Redboy,Robbie Robertson,0.4982782901752639
Mo' Ritmo,Gerardo,0.49034546844255045
Another Level,Blackstreet,0.5042941399302071
Villa Elaine,Remy Zero,0.4701936182965764
Dah Shinin',Smif-N-Wessun,0.38611471213934306
Give a Monkey a Brain and He'll Swear He's the Center of the Universe,Fishbone,0.4594410574861681
Jerk of All Trades,Lunachicks,0.5009276351796362
Felons & Revolutionaries,Dope,0.4944857102814816
Internationalist,Powderfinger,0.5038117271639402
Scrolls of the Megilloth,Mortification,0.29111271943712225
Transcendental Highway,Colin Hay,0.4824396451839609
Graffiti Bridge,Prince,0.5081606479436045
Human Wheels,John Mellencamp,0.5222851301526829
River of Dreams,Billy Joel,0.49864519062020846
The Division Bell,Pink Floyd,0.5231943356386051
Messenger,Edwin McCain,0.5028945978287818
The Movement,Harlem World,0.47394708325748824
This Is My Truth Tell Me Yours,Manic Street Preachers,0.5660493475411703
Representing the Mambo,Little Feat,0.5062047262141135
Dear 23,The Posies,0.46066190917749306
Die for the Government,Anti-Flag,0.3079360361793074
Duh,Lagwagon,0.4355604307937768
Waterbed Hev,Heavy D,0.5100112004631198
The Devil You Know,Econoline Crush,0.5360122092922421
Ginuwine...the Bachelor,Ginuwine,0.49412373830096873
Poetic Justice,Lillian Axe,0.6307718669415765
Better Off Dead,Sodom,0.31052998693604983
Eatin' Dust,Fu Manchu,0.5234325923342782
Come Clean,Curve,0.46848823294774583
Ten Feet Tall and Bulletproof,Travis Tritt,0.3107183703058817
On Every Street,Dire Straits,0.5400761504152007
The Caution Horses,Cowboy Junkies,0.5008820802601605
Still Got the Blues,Gary Moore,0.52997995223763
Edge of Forever,Lynyrd Skynyrd,0.48310317702611416
Down on Sunset,Thomas Anders,0.6463087355404866
The Brother with Two Tongues,Mellow Man Ace,0.6519966316535911
Dark Sneak Love Action,Tom Tom Club,0.7456997956741523
Pilgrim,Eric Clapton,0.3714018928817498
Now in a Minute,Donna Lewis,0.7550687861222609
So Long and Thanks for All the Shoes,NOFX,0.0
Brighten the Corners,Pavement,0.5405600514877359
Wild Love,Smog,0.7579474718494624
Pop Smear,The Verve Pipe,0.5659281285128908
Donkey Rhubarb,Aphex Twin,0.9999999999999991
Dogg Food,Tha Dogg Pound,0.40028459638853897
You and You Alone,Randy Travis,0.5128549153279901
Brotherhood,The Doobie Brothers,0.3488697665952806
Individual Thought Patterns,Death,0.4473759188557754
The Triumph of Steel,Manowar,0.3841691747954208
Freedom Bondage,Zeni Geva,0.3240725967291579
Step Up to the Microphone,Newsboys,0.6652160467544801
Maybe You've Been Brainwashed Too,New Radicals,0.5468825220417304
In the Trees,The Watchmen,0.4447293034050111
Dewdrops in the Garden,Deee-Lite,0.6047511412489468
About Time,Pennywise,0.48123749741325766
Hearts in Armor,Trisha Yearwood,0.4872971456004609
Recovering the Satellites,Counting Crows,0.4917089292837195
Return of the Boom Bap,KRS-One,0.30694975726950663
Kojak Variety,Elvis Costello,0.5510401778809417
Forever Blue,Chris Isaak,0.5437473062003567
Apple,Mother Love Bone,0.568753653968081
Grey Dawn,October Tide,0.3958685591847249
To Venus and Back,Tori Amos,0.5061051911789842
For the Boys,Bette Midler,0.4768143537717028
Amber,Autechre,0.9999999999999991
Adrenaline Rush,Twista,0.3560432223466049
Carnival of Carnage,Insane Clown Posse,0.3521437535875156
Ex:el,808 State,0.9999999999999991
Step One,Steps,0.5011202114256292
Bringing Down the Horse,The Wallflowers,0.3693056267846849
Incunabula,Autechre,0.9999999999999991
"Full Moon, Dirty Hearts",INXS,0.5018948931064584
Phobia,The Kinks,0.3884417297593607
Dusk,The The,0.5995462704427599
"Beats, Rhymes and Life",A Tribe Called Quest,0.47437334194414316
Boces,Mercury Rev,0.4925464513316198
Code Red,Sodom,0.3598040319640884
Amongst the Catacombs of Nephren-Ka,Nile,0.48836590878872427
Travelers and Thieves,Blues Traveler,0.47009686745725027
Demonic,Testament,0.32130679259364125
Recycler,ZZ Top,0.5046913540047044
American Psycho,Misfits,0.2691467501105206
Starlite Walker,Silver Jews,0.45401532425626123
Chrome,Catherine Wheel,0.5489922821907786
Bow Down,Westside Connection,0.3996256246563459
Night of the Stormrider,Iced Earth,0.43185532122958914
Pieces Of You,Jewel,0.42293305651805424
Grace,Jeff Buckley,0.25298273744406746
Girlfriend,Matthew Sweet,0.6179763329344495
Point Blank,Nailbomb,0.4203345137431977
Gorgeous,Guttermouth,0.5132339127861345
The Hard Way,Steve Earle,0.4599578856784999
Songs from the Mirror,Fish,0.5197732064505097
...And the Circus Leaves Town,Kyuss,0.3915966591254407
Blood Sugar Sex Magik,Red Hot Chili Peppers,0.5088687844248866
Dos Dedos Mis Amigos,Pop Will Eat Itself,0.46390286971759925
Ooooooohhh.... On the TLC Tip,TLC,0.4260659964432025
Slaves & Masters,Deep Purple,0.5135051190001325
Definitely Maybe,Oasis,0.5257305518573961
A Bit of What You Fancy,The Quireboys,0.4449461507778217
Generator,Bad Religion,0.4105070319235172
Rubberneck,Toadies,0.6036269178008886
Electric Honey,Luscious Jackson,0.6989165761875715
Life Is Peachy,Korn,0.3435433418008527
Set the World on Fire,Annihilator,0.41199890307139936
Slanted and Enchanted,Pavement,0.45688180477214047
(What's the Story) Morning Glory?,Oasis,0.48345115604019534
Congratulations I'm Sorry,Gin Blossoms,0.37994500354758914
For the Love of Strange Medicine,Steve Perry,0.6041148954051639
God of Love,Bad Brains,0.4985074965452184
Circus,Lenny Kravitz,0.5798680361654025
Performance and Cocktails,Stereophonics,0.45337056242520873
Paranoid and Sunburnt,Skunk Anansie,0.770121581649303
Straight Up Sewaside,Das EFX,0.4529578748919518
To the Teeth,Ani DiFranco,0.5093921231079287
Static & Silence,The Sundays,0.4879520441355751
Half Dead and Dynamite,Lifter Puller,0.5348527229347881
Electra 2000,Hum,0.5677861151080632
All That Matters,Michael Bolton,0.6842080979228301
World Clique,Deee-Lite,0.6266156482689759
World Gone Wrong,Bob Dylan,0.488840097285123
Help Yourself,Julian Lennon,0.43177579436055624
Labcabincalifornia,The Pharcyde,0.4730708084349457
Shrink,The Notwist,0.42319153429221684
Breaking God's Heart,Hefner,0.51723295422469
The Last Temptation,Alice Cooper,0.3297460712698044
Not a Moment Too Soon,Tim McGraw,0.45628533542374683
Rhinoplasty,Primus,0.431280134920468
Bossanova,Pixies,0.5445419492088811
"The Earth, a Small Man, His Dog and a Chicken",REO Speedwagon,0.5226667218580424
Can I Borrow a Dollar?,Common,0.4793809041999467
Behind Bars,Slick Rick,0.3402789756250061
A Christmas to Remember,Amy Grant,0.8922789773539739
T-R-O-U-B-L-E,Travis Tritt,0.6070508957896601
Amok,Sentenced,0.47387872097661354
No Place That Far,Sara Evans,0.45004962848211083
House of Love,Amy Grant,0.6138146523068736
Apollo 18,They Might Be Giants,0.5186865665026811
1990-Sick,Spice 1,0.3228853945793879
Who Else!,Jeff Beck,0.9999999999999991
The Divine Comedy,Milla Jovovich,0.5240179670834709
Only Everything,Juliana Hatfield,0.4709532520764513
Aurora Gory Alice,Letters To Cleo,0.45075388911049047
Ragged Ass Road,Tom Cochrane,0.4328170646000717
High on the Happy Side,Wet Wet Wet,0.4828950636331474
Pretty on the Inside,Hole,0.46859691068600673
The Neighborhood,Los Lobos,0.5142873311130213
All That I Am,Joe,0.5764038470061599
Soundtracks for the Blind,Swans,0.5562899584488229
Turn the Radio Off,Reel Big Fish,0.5240823182526109
In Utero,Nirvana,0.4355580076719762
Liquid Swords,GZA,0.3764219937767678
The Fragile,Nine Inch Nails,0.9999999999999991
Talk on Corners,The Corrs,0.6063164731671669
In My Time,Yanni,0.9999999999999991
The Art of Rebellion,Suicidal Tendencies,0.383537858701518
Lorada,Johnny Hallyday,0.26779177594769993
Música de Rua,Daniela Mercury,0.2461108895093736
Wings of Joy,Cranes,0.5217582005444515
Livin' or Dyin',Jack Ingram,0.48729123671112146
Legion,Deicide,0.26132284149834994
Among My Swan,Mazzy Star,0.5398091692467436
Laid,James,0.5270409520010628
Lo Mejor de Mí,Cristian Castro,0.22052415399044817
Gone Again,Patti Smith,0.4904750453243545
Black Sunday,Cypress Hill,0.3455464747846082
Holiday Songs and Lullabies,Shawn Colvin,0.7353732130679251
Never Enough,Melissa Etheridge,0.5031384990244369
Peace of Mind,Breathe,0.6171441831237708
Colony,In Flames,0.45939429299454004
I See It Now,Tracy Lawrence,0.5804369986260692
Back to the Light,Brian May,0.4917909852413239
Blowout Comb,Digable Planets,0.5156064205993965
Instrument Soundtrack,Fugazi,0.9999999999999991
Prolonging the Magic,Cake,0.568466829462869
Antichrist Superstar,Marilyn Manson,0.5327544414102046
Blender,The Murmurs,0.5524324100311331
Dark Days in Paradise,Gary Moore,0.6896706841987805
Octopus,The Human League,0.5353568148718466
Extinct Instinct,Threshold,0.4943293806695459
It Means Everything,Save Ferris,0.4801007882155312
Speak of the Devil,Chris Isaak,0.5558545525265566
In Loving Memory Of...,Big Wreck,0.5475139827917564
Danzig 4,Danzig,0.3784025418483412
Happy Birthday to Me,The Muffs,0.5049594468820634
Love Liberty Disco,Newsboys,0.596724066231573
Live from Albertane,Hanson,0.5323977325639603
Copperopolis,Grant Lee Buffalo,0.4766240732844584
Wander This World,Jonny Lang,0.49331568577679413
The Slim Shady LP,Eminem,0.4483369483546546
For Unlawful Carnal Knowledge,Van Halen,0.41902360889509316
Shut Your Mouth and Open Your Eyes,AFI,0.39072467594332927
No Cure for Cancer,Denis Leary,0.4778376259632988
A Rose Is Still a Rose,Aretha Franklin,0.5501624276858492
"Love Gone Sour, Suspicion, and Bad Debt",The Clarks,0.40409302931383945
October Rust,Type O Negative,0.47873573043098305
Rhythm-al-ism,DJ Quik,0.4636317404921805
Twilight of the Gods,Bathory,0.4795349616817587
Live and Let Die,Kool G Rap,0.36498084757324406
Spirits Dancing in the Flesh,Santana,0.4322026404884057
Nocturnal,Heltah Skeltah,0.3760541736209866
Good Humor,Saint Etienne,0.5422585182541511
The Days of Our Nights,Luna,0.5844904854642292
¡Adios Amigos!,Ramones,0.5367053331752165
Together Alone,Crowded House,0.5092543139097526
Medazzaland,Duran Duran,0.4058391605545287
The Cult of Ray,Frank Black,0.47736640437079086
Millionaires,James,0.5689727300144961
Answer That and Stay Fashionable,AFI,0.29787364609861566
One Second,Paradise Lost,0.4820787509259778
1965,The Afghan Whigs,0.42370173039299436
MCMXC a.D.,Enigma,0.35669537060935264
Never Say Never,Brandy,0.5175852250377142
Smells Like Children,Marilyn Manson,0.49473664216384544
Fantastic Planet,Failure,0.9999999999999991
Symbolic,Death,0.41891102702488275
24 Hour Revenge Therapy,Jawbreaker,0.5151575588352602
There Is Nothing Left to Lose,Foo Fighters,0.5039579897935259
Everyday,Widespread Panic,0.5581970482648578
Double Allergic,Powderfinger,0.48841491247188196
"Kima, Keisha, and Pam",Total,0.39350883623933963
The Magic City,Helium,0.5131733187890232
The Road Goes On Forever,The Highwaymen,0.5527522935779814
Dancehall Dreamer,Pat Green,0.5303031792670659
Mars Audiac Quintet,Stereolab,0.37788390458933396
Theli,Therion,0.5054533021824607
"Klassics with a ""K""",Kostars,0.437857719316147
Attack of The Planet Smashers,The Planet Smashers,0.5167551059054852
Today's Active Lifestyles,Polvo,0.4393819045802185
After Murder Park,The Auteurs,0.5205601655266726
Look What You Did to Me,Z-Ro,0.39031740210185495
Troublizing,Ric Ocasek,0.42349864822940175
Inhaler,Tad,0.3968849837278044
Got No Shadow,Mary Lou Lord,0.5374453876563463
Which Doobie U B?,Funkdoobiest,0.5188379853483407
Banana Wind,Jimmy Buffett,0.49822199967749803
A Maximum High,Shed Seven,0.6140364873092184
12 Inches of Snow,Snow,0.5743952806581022
Miracles: The Holiday Album,Kenny G,0.6255744784169536
Sewn Mouth Secrets,Soilent Green,0.20457070485127493
A Place in the Sun,Lit,0.5560209192040065
This Is the Time,Michael Bolton,0.5646677341720688
Subterranean,In Flames,0.5706584064619061
I Am an Elastic Firecracker,Tripping Daisy,0.6475025484199786
60 Second Wipe Out,Atari Teenage Riot,0.3515339315925254
Destroy Erase Improve,Meshuggah,0.39290910306632726
Body & Soul,Rick Astley,0.4496514108322778
Don Solaris,808 State,0.7649248770110347
Too Dark Park,Skinny Puppy,0.3874259051400263
A Wolf in Sheep's Clothing,Black Sheep,0.5057297966997458
Justuss,Snow,0.6213300588069592
Ribbed,NOFX,0.4377551772235183
Wish,The Cure,0.4259417892196927
A Different Beat,Gary Moore,0.4030935602535119
Desire Walks On,Heart,0.45956278173327014
Martinis and Bikinis,Sam Phillips,0.46991131598441643
And the Horse They Rode in On,Soul Asylum,0.37879521097272767
World Outside,The Psychedelic Furs,0.549485440765855
Rainbow,Mariah Carey,0.7342566216522985
Gypsy,Bette Midler,0.5805019185716609
Covenant,Morbid Angel,0.368772841449347
Who Got the Gravy?,Digital Underground,0.5056429516380007
Made in England,Elton John,0.5208172461525777
Mind of Mystikal,Mystikal,0.4094759113385264
Hook: Original Motion Picture Soundtrack,John Williams,0.9999999999999991
Why Do They Rock So Hard?,Reel Big Fish,0.5466994573467666
I Want Too Much,A House,0.6657957718388503
Battle Hymns,The Suicide Machines,0.41571788902053475
